{"train_report": {"0": {"precision": 0.8054953000723066, "recall": 0.7968526466380543, "f1-score": 0.8011506652283351, "support": 1398}, "1": {"precision": 0.7551724137931034, "recall": 0.7650655021834061, "f1-score": 0.7600867678958785, "support": 1145}, "accuracy": 0.7825403067243414, "macro avg": {"precision": 0.780333856932705, "recall": 0.7809590744107302, "f1-score": 0.7806187165621068, "support": 2543}, "weighted avg": {"precision": 0.7828371385348754, "recall": 0.7825403067243414, "f1-score": 0.7826614153480116, "support": 2543}}, "validation_report": {"0": {"precision": 0.7944444444444444, "recall": 0.7771739130434783, "f1-score": 0.7857142857142856, "support": 184}, "1": {"precision": 0.7028985507246377, "recall": 0.7238805970149254, "f1-score": 0.7132352941176471, "support": 134}, "accuracy": 0.7547169811320755, "macro avg": {"precision": 0.748671497584541, "recall": 0.7505272550292018, "f1-score": 0.7494747899159664, "support": 318}, "weighted avg": {"precision": 0.7558685018077964, "recall": 0.7547169811320755, "f1-score": 0.7551728238465196, "support": 318}}, "test_report": {"0": {"precision": 0.7857142857142857, "recall": 0.7857142857142857, "f1-score": 0.7857142857142857, "support": 182}, "1": {"precision": 0.7132352941176471, "recall": 0.7132352941176471, "f1-score": 0.7132352941176471, "support": 136}, "accuracy": 0.7547169811320755, "macro avg": {"precision": 0.7494747899159664, "recall": 0.7494747899159664, "f1-score": 0.7494747899159664, "support": 318}, "weighted avg": {"precision": 0.7547169811320755, "recall": 0.7547169811320755, "f1-score": 0.7547169811320755, "support": 318}}}