{"train_report": {"0": {"precision": 0.8344125809435707, "recall": 0.6452074391988555, "f1-score": 0.7277127874142799, "support": 1398}, "1": {"precision": 0.6607387140902873, "recall": 0.8436681222707424, "f1-score": 0.7410817031070196, "support": 1145}, "accuracy": 0.7345654738497838, "macro avg": {"precision": 0.7475756475169291, "recall": 0.7444377807347989, "f1-score": 0.7343972452606498, "support": 2543}, "weighted avg": {"precision": 0.7562149491909127, "recall": 0.7345654738497838, "f1-score": 0.7337322166192296, "support": 2543}}, "validation_report": {"0": {"precision": 0.8299319727891157, "recall": 0.6630434782608695, "f1-score": 0.7371601208459214, "support": 184}, "1": {"precision": 0.6374269005847953, "recall": 0.8134328358208955, "f1-score": 0.7147540983606557, "support": 134}, "accuracy": 0.7264150943396226, "macro avg": {"precision": 0.7336794366869555, "recall": 0.7382381570408825, "f1-score": 0.7259571096032886, "support": 318}, "weighted avg": {"precision": 0.7488134832438988, "recall": 0.7264150943396226, "f1-score": 0.7277185893584196, "support": 318}}, "test_report": {"0": {"precision": 0.7919463087248322, "recall": 0.6483516483516484, "f1-score": 0.7129909365558913, "support": 182}, "1": {"precision": 0.621301775147929, "recall": 0.7720588235294118, "f1-score": 0.6885245901639344, "support": 136}, "accuracy": 0.7012578616352201, "macro avg": {"precision": 0.7066240419363805, "recall": 0.7102052359405301, "f1-score": 0.7007577633599129, "support": 318}, "weighted avg": {"precision": 0.7189662566290497, "recall": 0.7012578616352201, "f1-score": 0.7025273418725387, "support": 318}}}