{"train_report": {"0": {"precision": 0.83271719038817, "recall": 0.6444921316165951, "f1-score": 0.7266129032258064, "support": 1398}, "1": {"precision": 0.6598220396988365, "recall": 0.8419213973799127, "f1-score": 0.7398311588641597, "support": 1145}, "accuracy": 0.7333857648446717, "macro avg": {"precision": 0.7462696150435033, "recall": 0.7432067644982538, "f1-score": 0.7332220310449831, "support": 2543}, "weighted avg": {"precision": 0.7548701799519582, "recall": 0.7333857648446717, "f1-score": 0.7325644968970272, "support": 2543}}, "validation_report": {"0": {"precision": 0.8243243243243243, "recall": 0.6630434782608695, "f1-score": 0.7349397590361446, "support": 184}, "1": {"precision": 0.6352941176470588, "recall": 0.8059701492537313, "f1-score": 0.7105263157894737, "support": 134}, "accuracy": 0.7232704402515723, "macro avg": {"precision": 0.7298092209856916, "recall": 0.7345068137573004, "f1-score": 0.7227330374128091, "support": 318}, "weighted avg": {"precision": 0.744670086290508, "recall": 0.7232704402515723, "f1-score": 0.7246523332655348, "support": 318}}, "test_report": {"0": {"precision": 0.7959183673469388, "recall": 0.6428571428571429, "f1-score": 0.7112462006079028, "support": 182}, "1": {"precision": 0.6198830409356725, "recall": 0.7794117647058824, "f1-score": 0.6905537459283387, "support": 136}, "accuracy": 0.7012578616352201, "macro avg": {"precision": 0.7079007041413057, "recall": 0.7111344537815126, "f1-score": 0.7008999732681207, "support": 318}, "weighted avg": {"precision": 0.7206328189446362, "recall": 0.7012578616352201, "f1-score": 0.7023965973487182, "support": 318}}}