{"train_report": {"0": {"precision": 0.7841315225160829, "recall": 0.7846924177396281, "f1-score": 0.7844118698605649, "support": 1398}, "1": {"precision": 0.7368881118881119, "recall": 0.7362445414847162, "f1-score": 0.7365661861074705, "support": 1145}, "accuracy": 0.7628784899724734, "macro avg": {"precision": 0.7605098172020974, "recall": 0.7604684796121721, "f1-score": 0.7604890279840177, "support": 2543}, "weighted avg": {"precision": 0.7628599121468234, "recall": 0.7628784899724734, "f1-score": 0.7628690826418103, "support": 2543}}, "validation_report": {"0": {"precision": 0.7921348314606742, "recall": 0.7663043478260869, "f1-score": 0.7790055248618785, "support": 184}, "1": {"precision": 0.6928571428571428, "recall": 0.7238805970149254, "f1-score": 0.708029197080292, "support": 134}, "accuracy": 0.7484276729559748, "macro avg": {"precision": 0.7424959871589085, "recall": 0.7450924724205061, "f1-score": 0.7435173609710852, "support": 318}, "weighted avg": {"precision": 0.7503008368918906, "recall": 0.7484276729559748, "f1-score": 0.7490972609539144, "support": 318}}, "test_report": {"0": {"precision": 0.7754010695187166, "recall": 0.7967032967032966, "f1-score": 0.7859078590785907, "support": 182}, "1": {"precision": 0.7175572519083969, "recall": 0.6911764705882353, "f1-score": 0.704119850187266, "support": 136}, "accuracy": 0.7515723270440252, "macro avg": {"precision": 0.7464791607135568, "recall": 0.743939883645766, "f1-score": 0.7450138546329284, "support": 318}, "weighted avg": {"precision": 0.7506628330564415, "recall": 0.7515723270440252, "f1-score": 0.7509293395527411, "support": 318}}}