{"train_report": {"0": {"precision": 0.7813390313390314, "recall": 0.7846924177396281, "f1-score": 0.7830121341898645, "support": 1398}, "1": {"precision": 0.7357330992098332, "recall": 0.7318777292576419, "f1-score": 0.733800350262697, "support": 1145}, "accuracy": 0.7609123082972866, "macro avg": {"precision": 0.7585360652744323, "recall": 0.758285073498635, "f1-score": 0.7584062422262807, "support": 2543}, "weighted avg": {"precision": 0.760804704839648, "recall": 0.7609123082972866, "f1-score": 0.7608542527126302, "support": 2543}}, "validation_report": {"0": {"precision": 0.8097826086956522, "recall": 0.8097826086956522, "f1-score": 0.8097826086956522, "support": 184}, "1": {"precision": 0.7388059701492538, "recall": 0.7388059701492538, "f1-score": 0.7388059701492538, "support": 134}, "accuracy": 0.779874213836478, "macro avg": {"precision": 0.7742942894224529, "recall": 0.7742942894224529, "f1-score": 0.7742942894224529, "support": 318}, "weighted avg": {"precision": 0.779874213836478, "recall": 0.779874213836478, "f1-score": 0.779874213836478, "support": 318}}, "test_report": {"0": {"precision": 0.7819148936170213, "recall": 0.8076923076923077, "f1-score": 0.7945945945945946, "support": 182}, "1": {"precision": 0.7307692307692307, "recall": 0.6985294117647058, "f1-score": 0.7142857142857143, "support": 136}, "accuracy": 0.7610062893081762, "macro avg": {"precision": 0.756342062193126, "recall": 0.7531108597285068, "f1-score": 0.7544401544401544, "support": 318}, "weighted avg": {"precision": 0.760041276801614, "recall": 0.7610062893081762, "f1-score": 0.7602486583618658, "support": 318}}}